{
  "correlations": {
    "variance_vs_mu_grad": {
      "pearson": 0.08020942730119082,
      "spearman": 0.3142857142857143
    },
    "variance_vs_sigma_grad": {
      "pearson": 0.43970013838705413,
      "spearman": 0.5428571428571429
    },
    "variance_vs_phys_grad": {
      "pearson": 0.07295207491714868,
      "spearman": 0.3142857142857143
    },
    "otoc_vs_mu_grad": {
      "pearson": -0.4824707764972941,
      "spearman": -0.3142857142857143
    },
    "otoc_vs_sigma_grad": {
      "pearson": -0.536886182343182,
      "spearman": -0.3142857142857143
    },
    "otoc_vs_phys_grad": {
      "pearson": -0.49607992435885456,
      "spearman": -0.3142857142857143
    },
    "variance_vs_shuffled": {
      "pearson": -0.31732068272710195,
      "spearman": -0.5428571428571429
    },
    "variance_vs_noise": {
      "pearson": 0.19579559259416107,
      "spearman": 0.2571428571428572
    },
    "otoc_vs_shuffled": {
      "pearson": -0.16623573799410662,
      "spearman": -0.2571428571428572
    },
    "otoc_vs_noise": {
      "pearson": -0.29607013455125447,
      "spearman": -0.3142857142857143
    }
  },
  "null_models": {
    "variance_time_shuffled": [
      0.02929378076953386,
      0.009063666321564056,
      0.020421353234380907,
      0.020548617002511094,
      0.027595605942519676,
      0.036311348464942966
    ],
    "otoc_time_shuffled": [
      0.6300000000000001,
      0.5940000000000002,
      -0.16,
      0.8300000000000001,
      0.5760000000000001,
      0.10000000000000002
    ],
    "variance_noise": [
      -0.008714285666044024,
      0.00211667261817673,
      -0.00424947450008661,
      -0.00047482819368078945,
      -0.0016942247132785595,
      0.028279950086545307
    ],
    "otoc_noise": [
      -0.3761283371977262,
      0.5172794052135503,
      -0.5717070816575176,
      0.2425412309100415,
      -0.45032416848871953,
      -0.4766276164584134
    ]
  },
  "pca_metrics": {
    "pca_energy_mean": 1.0000000142905396,
    "pca_energy_std": 4.693872251238796e-08,
    "pca_energy_corr_variance": {
      "pearson": -0.6935465202543539,
      "spearman": -0.2
    }
  },
  "physical_gradients": [
    0.14900504052639008,
    0.15141287446022034,
    0.20414087176322937,
    0.18892808258533478,
    0.19801104068756104,
    0.21807512640953064,
    0.1707955002784729,
    0.23935304582118988,
    0.2619248628616333,
    0.2674741744995117,
    0.2690204977989197,
    0.24672330915927887
  ],
  "usefulness_scores": {
    "variance_has_physical_signal": false,
    "otoc_has_physical_signal": true
  }
}